Experimental_Scan,Theoretical_Lipopeptide,db,LP_Type,matched_adduct,Score_Precision,Score_Continuity,Score_Intensity,Matched_Unique_Ions,Total_Theory_Ions,Score_Coverage,Score_End_Match,Score_Adduct,LipopepID_Score
Scan_7522,1008.6596_EILVDLI_CS_13,target,CS,NH4,0.760189343,1,0.046197475,14,14,1,1,0.7,0.5988
Scan_7522,1008.6596_EILVDLL_CS_13,target,CS,NH4,0.760189343,1,0.046197475,14,14,1,1,0.7,0.5988
Scan_7522,1008.6596_ELLVDLI_CS_13,target,CS,NH4,0.760189343,1,0.046197475,14,14,1,1,0.7,0.5988
Scan_7522,1008.6596_ELLVDLL_CS_13,target,CS,NH4,0.760189343,1,0.046197475,14,14,1,1,0.7,0.5988
Scan_7502,994.644_EILVDLV_CS_13,target,CS,H,0.905038511,0.916666667,0.029345031,13,14,0.928571429,0.3,1,0.5942
Scan_7502,994.644_ELLVDLV_CS_13,target,CS,H,0.905038511,0.916666667,0.029345031,13,14,0.928571429,0.3,1,0.5942
Scan_7707,1026.6702_EVLVDLI_LS_14,target,LS,H,0.722211811,0.916666667,0.065793785,13,14,0.928571429,1,1,0.5702
Scan_7707,1026.6702_EVLVDLL_LS_14,target,LS,H,0.722211811,0.916666667,0.065793785,13,14,0.928571429,1,1,0.5702
Scan_7853,1008.6596_EILVDLV_CS_14,target,CS,H,0.821726351,0.916666667,0.036893598,13,14,0.928571429,0.3,1,0.5692
Scan_7853,1008.6596_ELLVDLV_CS_14,target,CS,H,0.821726351,0.916666667,0.036893598,13,14,0.928571429,0.3,1,0.5692
Scan_7367,1008.6596_EILIDLI_CS_12,target,CS,H,0.776060048,0.916666667,0.046174584,13,14,0.928571429,0.3,1,0.5573
Scan_7367,1008.6596_EILIDLL_CS_12,target,CS,H,0.776060048,0.916666667,0.046174584,13,14,0.928571429,0.3,1,0.5573
Scan_7367,1008.6596_EILLDLI_CS_12,target,CS,H,0.776060048,0.916666667,0.046174584,13,14,0.928571429,0.3,1,0.5573
Scan_7367,1008.6596_EILLDLL_CS_12,target,CS,H,0.776060048,0.916666667,0.046174584,13,14,0.928571429,0.3,1,0.5573
Scan_7367,1008.6596_ELLIDLI_CS_12,target,CS,H,0.776060048,0.916666667,0.046174584,13,14,0.928571429,0.3,1,0.5573
Scan_7367,1008.6596_ELLIDLL_CS_12,target,CS,H,0.776060048,0.916666667,0.046174584,13,14,0.928571429,0.3,1,0.5573
Scan_7367,1008.6596_ELLLDLI_CS_12,target,CS,H,0.776060048,0.916666667,0.046174584,13,14,0.928571429,0.3,1,0.5573
Scan_7367,1008.6596_ELLLDLL_CS_12,target,CS,H,0.776060048,0.916666667,0.046174584,13,14,0.928571429,0.3,1,0.5573
Scan_7961,1036.6909_EILIDLI_CS_14,target,CS,H,0.741018724,0.916666667,0.05734164,13,14,0.928571429,0.3,1,0.5494
Scan_7961,1036.6909_EILIDLL_CS_14,target,CS,H,0.741018724,0.916666667,0.05734164,13,14,0.928571429,0.3,1,0.5494
Scan_7961,1036.6909_EILLDLI_CS_14,target,CS,H,0.741018724,0.916666667,0.05734164,13,14,0.928571429,0.3,1,0.5494
Scan_7961,1036.6909_EILLDLL_CS_14,target,CS,H,0.741018724,0.916666667,0.05734164,13,14,0.928571429,0.3,1,0.5494
Scan_7961,1036.6909_ELLIDLI_CS_14,target,CS,H,0.741018724,0.916666667,0.05734164,13,14,0.928571429,0.3,1,0.5494
Scan_7961,1036.6909_ELLIDLL_CS_14,target,CS,H,0.741018724,0.916666667,0.05734164,13,14,0.928571429,0.3,1,0.5494
Scan_7961,1036.6909_ELLLDLI_CS_14,target,CS,H,0.741018724,0.916666667,0.05734164,13,14,0.928571429,0.3,1,0.5494
Scan_7961,1036.6909_ELLLDLL_CS_14,target,CS,H,0.741018724,0.916666667,0.05734164,13,14,0.928571429,0.3,1,0.5494
Scan_7367,1008.6596_EVLIDLI_CS_13,target,CS,H,0.776060048,0.916666667,0.019925966,13,14,0.928571429,0.3,1,0.5484
Scan_7367,1008.6596_EVLIDLL_CS_13,target,CS,H,0.776060048,0.916666667,0.019925966,13,14,0.928571429,0.3,1,0.5484
Scan_7367,1008.6596_EVLLDLI_CS_13,target,CS,H,0.776060048,0.916666667,0.019925966,13,14,0.928571429,0.3,1,0.5484
Scan_7367,1008.6596_EVLLDLL_CS_13,target,CS,H,0.776060048,0.916666667,0.019925966,13,14,0.928571429,0.3,1,0.5484
Scan_8356,1050.7066_EILVDLI_CS_16,target,CS,NH4,0.699105939,0.916666667,0.093141492,13,14,0.928571429,0.3,0.7,0.5461
Scan_8356,1050.7066_EILVDLL_CS_16,target,CS,NH4,0.699105939,0.916666667,0.093141492,13,14,0.928571429,0.3,0.7,0.5461
Scan_8356,1050.7066_ELLVDLI_CS_16,target,CS,NH4,0.699105939,0.916666667,0.093141492,13,14,0.928571429,0.3,0.7,0.5461
Scan_8356,1050.7066_ELLVDLL_CS_16,target,CS,NH4,0.699105939,0.916666667,0.093141492,13,14,0.928571429,0.3,0.7,0.5461
Scan_7800,1022.6753_EILVDLI_CS_14,target,CS,NH4,0.728258294,0.916666667,0.063140116,13,14,0.928571429,0.3,0.7,0.5456
Scan_7800,1022.6753_EILVDLL_CS_14,target,CS,NH4,0.728258294,0.916666667,0.063140116,13,14,0.928571429,0.3,0.7,0.5456
Scan_7800,1022.6753_ELLVDLI_CS_14,target,CS,NH4,0.728258294,0.916666667,0.063140116,13,14,0.928571429,0.3,0.7,0.5456
Scan_7800,1022.6753_ELLVDLL_CS_14,target,CS,NH4,0.728258294,0.916666667,0.063140116,13,14,0.928571429,0.3,0.7,0.5456
Scan_7853,1008.6596_EVLIDLV_CS_14,target,CS,H,0.751086343,0.916666667,0.034156705,13,14,0.928571429,0.3,1,0.545
Scan_7853,1008.6596_EVLLDLV_CS_14,target,CS,H,0.751086343,0.916666667,0.034156705,13,14,0.928571429,0.3,1,0.545
Scan_8194,1050.7066_EILIDLI_CS_15,target,CS,NH4,0.736431509,0.916666667,0.049800851,13,14,0.928571429,0.3,0.7,0.5439
Scan_8194,1050.7066_EILIDLL_CS_15,target,CS,NH4,0.736431509,0.916666667,0.049800851,13,14,0.928571429,0.3,0.7,0.5439
Scan_8194,1050.7066_EILLDLI_CS_15,target,CS,NH4,0.736431509,0.916666667,0.049800851,13,14,0.928571429,0.3,0.7,0.5439
Scan_8194,1050.7066_EILLDLL_CS_15,target,CS,NH4,0.736431509,0.916666667,0.049800851,13,14,0.928571429,0.3,0.7,0.5439
Scan_8194,1050.7066_ELLIDLI_CS_15,target,CS,NH4,0.736431509,0.916666667,0.049800851,13,14,0.928571429,0.3,0.7,0.5439
Scan_8194,1050.7066_ELLIDLL_CS_15,target,CS,NH4,0.736431509,0.916666667,0.049800851,13,14,0.928571429,0.3,0.7,0.5439
Scan_8194,1050.7066_ELLLDLI_CS_15,target,CS,NH4,0.736431509,0.916666667,0.049800851,13,14,0.928571429,0.3,0.7,0.5439
Scan_8194,1050.7066_ELLLDLL_CS_15,target,CS,NH4,0.736431509,0.916666667,0.049800851,13,14,0.928571429,0.3,0.7,0.5439
Scan_7691,1008.6596_EILADLI_CS_15,target,CS,H,0.769398857,0.916666667,0.012112799,13,14,0.928571429,0.3,1,0.5436
Scan_7691,1008.6596_EILADLL_CS_15,target,CS,H,0.769398857,0.916666667,0.012112799,13,14,0.928571429,0.3,1,0.5436
Scan_7691,1008.6596_ELLADLI_CS_15,target,CS,H,0.769398857,0.916666667,0.012112799,13,14,0.928571429,0.3,1,0.5436
Scan_7691,1008.6596_ELLADLL_CS_15,target,CS,H,0.769398857,0.916666667,0.012112799,13,14,0.928571429,0.3,1,0.5436
Scan_8950,1078.7379_EILVDLI_CS_18,target,CS,H,0.701204419,0.916666667,0.064308146,13,14,0.928571429,0.3,1,0.5386
Scan_8950,1078.7379_EILVDLL_CS_18,target,CS,H,0.701204419,0.916666667,0.064308146,13,14,0.928571429,0.3,1,0.5386
Scan_8950,1078.7379_ELLVDLI_CS_18,target,CS,H,0.701204419,0.916666667,0.064308146,13,14,0.928571429,0.3,1,0.5386
Scan_8950,1078.7379_ELLVDLL_CS_18,target,CS,H,0.701204419,0.916666667,0.064308146,13,14,0.928571429,0.3,1,0.5386
Scan_7707,1026.6702_EILVDLI_LS_13,target,LS,H,0.708046662,0.833333333,0.126117375,12,14,0.857142857,0.3,1,0.5375
Scan_7707,1026.6702_EILVDLL_LS_13,target,LS,H,0.708046662,0.833333333,0.126117375,12,14,0.857142857,0.3,1,0.5375
Scan_7707,1026.6702_ELLVDLI_LS_13,target,LS,H,0.708046662,0.833333333,0.126117375,12,14,0.857142857,0.3,1,0.5375
Scan_7707,1026.6702_ELLVDLL_LS_13,target,LS,H,0.708046662,0.833333333,0.126117375,12,14,0.857142857,0.3,1,0.5375
Scan_7853,1008.6596_EILIDLV_CS_13,target,CS,H,0.751086343,0.916666667,0.008715255,13,14,0.928571429,0.3,1,0.5364
Scan_7853,1008.6596_EILLDLV_CS_13,target,CS,H,0.751086343,0.916666667,0.008715255,13,14,0.928571429,0.3,1,0.5364
Scan_7853,1008.6596_ELLIDLV_CS_13,target,CS,H,0.751086343,0.916666667,0.008715255,13,14,0.928571429,0.3,1,0.5364
Scan_7853,1008.6596_ELLLDLV_CS_13,target,CS,H,0.751086343,0.916666667,0.008715255,13,14,0.928571429,0.3,1,0.5364
Scan_7628,1022.6753_EILIDLI_CS_13,target,CS,H,0.695486385,0.916666667,0.046726741,13,14,0.928571429,0.3,1,0.5308
Scan_7628,1022.6753_EILIDLL_CS_13,target,CS,H,0.695486385,0.916666667,0.046726741,13,14,0.928571429,0.3,1,0.5308
Scan_7628,1022.6753_EILLDLI_CS_13,target,CS,H,0.695486385,0.916666667,0.046726741,13,14,0.928571429,0.3,1,0.5308
Scan_7628,1022.6753_EILLDLL_CS_13,target,CS,H,0.695486385,0.916666667,0.046726741,13,14,0.928571429,0.3,1,0.5308
Scan_7628,1022.6753_ELLIDLI_CS_13,target,CS,H,0.695486385,0.916666667,0.046726741,13,14,0.928571429,0.3,1,0.5308
Scan_7628,1022.6753_ELLIDLL_CS_13,target,CS,H,0.695486385,0.916666667,0.046726741,13,14,0.928571429,0.3,1,0.5308
Scan_7628,1022.6753_ELLLDLI_CS_13,target,CS,H,0.695486385,0.916666667,0.046726741,13,14,0.928571429,0.3,1,0.5308
Scan_7628,1022.6753_ELLLDLL_CS_13,target,CS,H,0.695486385,0.916666667,0.046726741,13,14,0.928571429,0.3,1,0.5308
Scan_8103,1022.6753_EILIDLV_CS_14,target,CS,H,0.560672956,1,0.026906477,14,14,1,1,1,0.528
Scan_8103,1022.6753_EILLDLV_CS_14,target,CS,H,0.560672956,1,0.026906477,14,14,1,1,1,0.528
Scan_8103,1022.6753_ELLIDLV_CS_14,target,CS,H,0.560672956,1,0.026906477,14,14,1,1,1,0.528
Scan_8103,1022.6753_ELLLDLV_CS_14,target,CS,H,0.560672956,1,0.026906477,14,14,1,1,1,0.528
Scan_8691,1078.7379_EILIDLI_CS_17,target,CS,H,0.665780883,0.916666667,0.05476877,13,14,0.928571429,0.3,1,0.5237
Scan_8691,1078.7379_EILIDLL_CS_17,target,CS,H,0.665780883,0.916666667,0.05476877,13,14,0.928571429,0.3,1,0.5237
Scan_8691,1078.7379_EILLDLI_CS_17,target,CS,H,0.665780883,0.916666667,0.05476877,13,14,0.928571429,0.3,1,0.5237
Scan_8691,1078.7379_EILLDLL_CS_17,target,CS,H,0.665780883,0.916666667,0.05476877,13,14,0.928571429,0.3,1,0.5237
Scan_8691,1078.7379_ELLIDLI_CS_17,target,CS,H,0.665780883,0.916666667,0.05476877,13,14,0.928571429,0.3,1,0.5237
Scan_8691,1078.7379_ELLIDLL_CS_17,target,CS,H,0.665780883,0.916666667,0.05476877,13,14,0.928571429,0.3,1,0.5237
Scan_8691,1078.7379_ELLLDLI_CS_17,target,CS,H,0.665780883,0.916666667,0.05476877,13,14,0.928571429,0.3,1,0.5237
Scan_8691,1078.7379_ELLLDLL_CS_17,target,CS,H,0.665780883,0.916666667,0.05476877,13,14,0.928571429,0.3,1,0.5237
Scan_7099,994.644_EILVDLI_CS_12,target,CS,H,0.676236756,0.916666667,0.037152647,13,14,0.928571429,0.3,1,0.5212
Scan_7099,994.644_EILVDLL_CS_12,target,CS,H,0.676236756,0.916666667,0.037152647,13,14,0.928571429,0.3,1,0.5212
Scan_7099,994.644_ELLVDLI_CS_12,target,CS,H,0.676236756,0.916666667,0.037152647,13,14,0.928571429,0.3,1,0.5212
Scan_7099,994.644_ELLVDLL_CS_12,target,CS,H,0.676236756,0.916666667,0.037152647,13,14,0.928571429,0.3,1,0.5212
Scan_6539,966.6127_EILVDLI_CS_10,target,CS,H,0.796585904,0.75,0.05369049,12,14,0.857142857,0.3,1,0.5202
Scan_6539,966.6127_EILVDLL_CS_10,target,CS,H,0.796585904,0.75,0.05369049,12,14,0.857142857,0.3,1,0.5202
Scan_6539,966.6127_ELLVDLI_CS_10,target,CS,H,0.796585904,0.75,0.05369049,12,14,0.857142857,0.3,1,0.5202
Scan_6539,966.6127_ELLVDLL_CS_10,target,CS,H,0.796585904,0.75,0.05369049,12,14,0.857142857,0.3,1,0.5202
Scan_7062,980.6283_EILADLI_CS_13,target,CS,H,0.811547685,0.75,0.031823166,12,14,0.857142857,0.3,1,0.5178
Scan_7062,980.6283_EILADLL_CS_13,target,CS,H,0.811547685,0.75,0.031823166,12,14,0.857142857,0.3,1,0.5178
Scan_7062,980.6283_ELLADLI_CS_13,target,CS,H,0.811547685,0.75,0.031823166,12,14,0.857142857,0.3,1,0.5178
Scan_7062,980.6283_ELLADLL_CS_13,target,CS,H,0.811547685,0.75,0.031823166,12,14,0.857142857,0.3,1,0.5178
Scan_9570,1036.6909_EILVDLI_CS_15,target,CS,H,0.588862614,0.916666667,0.063724279,13,14,0.928571429,0.3,1,0.5013
Scan_9570,1036.6909_EILVDLL_CS_15,target,CS,H,0.588862614,0.916666667,0.063724279,13,14,0.928571429,0.3,1,0.5013
Scan_9570,1036.6909_ELLVDLI_CS_15,target,CS,H,0.588862614,0.916666667,0.063724279,13,14,0.928571429,0.3,1,0.5013
Scan_9570,1036.6909_ELLVDLL_CS_15,target,CS,H,0.588862614,0.916666667,0.063724279,13,14,0.928571429,0.3,1,0.5013
Scan_8194,1050.7066_EVLIDLI_CS_16,target,CS,NH4,0.736431509,0.833333333,0.024294188,12,14,0.857142857,0,0.7,0.5008
Scan_8194,1050.7066_EVLIDLL_CS_16,target,CS,NH4,0.736431509,0.833333333,0.024294188,12,14,0.857142857,0,0.7,0.5008
Scan_8194,1050.7066_EVLLDLI_CS_16,target,CS,NH4,0.736431509,0.833333333,0.024294188,12,14,0.857142857,0,0.7,0.5008
Scan_8194,1050.7066_EVLLDLL_CS_16,target,CS,NH4,0.736431509,0.833333333,0.024294188,12,14,0.857142857,0,0.7,0.5008
Scan_7961,1036.6909_EVLIDLI_CS_15,target,CS,H,0.724462442,0.833333333,0.026253394,12,14,0.857142857,0,1,0.499
Scan_7961,1036.6909_EVLIDLL_CS_15,target,CS,H,0.724462442,0.833333333,0.026253394,12,14,0.857142857,0,1,0.499
Scan_7961,1036.6909_EVLLDLI_CS_15,target,CS,H,0.724462442,0.833333333,0.026253394,12,14,0.857142857,0,1,0.499
Scan_7961,1036.6909_EVLLDLL_CS_15,target,CS,H,0.724462442,0.833333333,0.026253394,12,14,0.857142857,0,1,0.499
Scan_8024,1036.6909_EILIDLV_CS_15,target,CS,NH4,0.656564022,0.833333333,0.06620296,12,14,0.857142857,0.3,0.7,0.4988
Scan_8024,1036.6909_EILLDLV_CS_15,target,CS,NH4,0.656564022,0.833333333,0.06620296,12,14,0.857142857,0.3,0.7,0.4988
Scan_8024,1036.6909_ELLIDLV_CS_15,target,CS,NH4,0.656564022,0.833333333,0.06620296,12,14,0.857142857,0.3,0.7,0.4988
Scan_8024,1036.6909_ELLLDLV_CS_15,target,CS,NH4,0.656564022,0.833333333,0.06620296,12,14,0.857142857,0.3,0.7,0.4988
Scan_7853,1008.6596_EVLVDLV_CS_15,target,CS,H,0.798010961,0.75,0.010077265,11,14,0.785714286,0,1,0.4937
Scan_7664,994.644_EVLVDLV_CS_14,target,CS,H,0.681916434,0.833333333,0.008054251,12,14,0.857142857,0.3,1,0.4892
Scan_8501,1064.7222_EILIDLI_CS_16,target,CS,H,0.680979772,0.75,0.073055481,12,14,0.857142857,0.3,1,0.4885
Scan_8501,1064.7222_EILIDLL_CS_16,target,CS,H,0.680979772,0.75,0.073055481,12,14,0.857142857,0.3,1,0.4885
Scan_8501,1064.7222_EILLDLI_CS_16,target,CS,H,0.680979772,0.75,0.073055481,12,14,0.857142857,0.3,1,0.4885
Scan_8501,1064.7222_EILLDLL_CS_16,target,CS,H,0.680979772,0.75,0.073055481,12,14,0.857142857,0.3,1,0.4885
Scan_8501,1064.7222_ELLIDLI_CS_16,target,CS,H,0.680979772,0.75,0.073055481,12,14,0.857142857,0.3,1,0.4885
Scan_8501,1064.7222_ELLIDLL_CS_16,target,CS,H,0.680979772,0.75,0.073055481,12,14,0.857142857,0.3,1,0.4885
Scan_8501,1064.7222_ELLLDLI_CS_16,target,CS,H,0.680979772,0.75,0.073055481,12,14,0.857142857,0.3,1,0.4885
Scan_8501,1064.7222_ELLLDLL_CS_16,target,CS,H,0.680979772,0.75,0.073055481,12,14,0.857142857,0.3,1,0.4885
Scan_8566,1064.7222_EILVDLI_CS_17,target,CS,NH4,0.677298823,0.75,0.066395165,12,14,0.857142857,0.3,0.7,0.4835
Scan_8566,1064.7222_EILVDLL_CS_17,target,CS,NH4,0.677298823,0.75,0.066395165,12,14,0.857142857,0.3,0.7,0.4835
Scan_8566,1064.7222_ELLVDLI_CS_17,target,CS,NH4,0.677298823,0.75,0.066395165,12,14,0.857142857,0.3,0.7,0.4835
Scan_8566,1064.7222_ELLVDLL_CS_17,target,CS,NH4,0.677298823,0.75,0.066395165,12,14,0.857142857,0.3,0.7,0.4835
Scan_8356,1050.7066_EVLVDLI_CS_17,target,CS,NH4,0.736391399,0.75,0.032998758,11,14,0.785714286,0,0.7,0.4795
Scan_8356,1050.7066_EVLVDLL_CS_17,target,CS,NH4,0.736391399,0.75,0.032998758,11,14,0.785714286,0,0.7,0.4795
Scan_8824,1064.7222_EVLIDLI_CS_17,target,CS,H,0.753046212,0.666666667,0.04137965,11,14,0.785714286,0.3,1,0.4775
Scan_8824,1064.7222_EVLIDLL_CS_17,target,CS,H,0.753046212,0.666666667,0.04137965,11,14,0.785714286,0.3,1,0.4775
Scan_8824,1064.7222_EVLLDLI_CS_17,target,CS,H,0.753046212,0.666666667,0.04137965,11,14,0.785714286,0.3,1,0.4775
Scan_8824,1064.7222_EVLLDLL_CS_17,target,CS,H,0.753046212,0.666666667,0.04137965,11,14,0.785714286,0.3,1,0.4775
Scan_7099,994.644_EVLIDLI_CS_12,target,CS,H,0.757546139,0.666666667,0.028676292,11,14,0.785714286,0.3,1,0.4747
Scan_7099,994.644_EVLIDLL_CS_12,target,CS,H,0.757546139,0.666666667,0.028676292,11,14,0.785714286,0.3,1,0.4747
Scan_7099,994.644_EVLLDLI_CS_12,target,CS,H,0.757546139,0.666666667,0.028676292,11,14,0.785714286,0.3,1,0.4747
Scan_7099,994.644_EVLLDLL_CS_12,target,CS,H,0.757546139,0.666666667,0.028676292,11,14,0.785714286,0.3,1,0.4747
Scan_6739,980.6283_EILIDLV_CS_11,target,CS,H,0.669488675,0.75,0.039090465,12,14,0.857142857,0.3,1,0.4733
Scan_6739,980.6283_EILLDLV_CS_11,target,CS,H,0.669488675,0.75,0.039090465,12,14,0.857142857,0.3,1,0.4733
Scan_6739,980.6283_ELLIDLV_CS_11,target,CS,H,0.669488675,0.75,0.039090465,12,14,0.857142857,0.3,1,0.4733
Scan_6739,980.6283_ELLLDLV_CS_11,target,CS,H,0.669488675,0.75,0.039090465,12,14,0.857142857,0.3,1,0.4733
Scan_7800,1022.6753_EVLIDLI_CS_14,target,CS,NH4,0.728258294,0.666666667,0.05471494,11,14,0.785714286,0.3,0.7,0.4723
Scan_7800,1022.6753_EVLIDLL_CS_14,target,CS,NH4,0.728258294,0.666666667,0.05471494,11,14,0.785714286,0.3,0.7,0.4723
Scan_7800,1022.6753_EVLLDLI_CS_14,target,CS,NH4,0.728258294,0.666666667,0.05471494,11,14,0.785714286,0.3,0.7,0.4723
Scan_7800,1022.6753_EVLLDLL_CS_14,target,CS,NH4,0.728258294,0.666666667,0.05471494,11,14,0.785714286,0.3,0.7,0.4723
Scan_8824,1064.7222_EVLVDLI_CS_18,target,CS,H,0.712326948,0.75,0.02185128,11,14,0.785714286,0,1,0.4693
Scan_8824,1064.7222_EVLVDLL_CS_18,target,CS,H,0.712326948,0.75,0.02185128,11,14,0.785714286,0,1,0.4693
Scan_5046,1449.7881_EOYTEAPQYI_1_CF_15,target,CF,H,0.68020521,0.055555556,0.606429723,7,20,0.35,0.3,1,0.4684
Scan_7099,994.644_EVLVDLI_CS_13,target,CS,H,0.676236756,0.75,0.012711763,12,14,0.857142857,0.3,1,0.4667
Scan_7099,994.644_EVLVDLL_CS_13,target,CS,H,0.676236756,0.75,0.012711763,12,14,0.857142857,0.3,1,0.4667
Scan_7691,1008.6596_EVLADLI_CS_16,target,CS,H,0.703099355,0.75,0.008016299,11,14,0.785714286,0,1,0.4616
Scan_7691,1008.6596_EVLADLL_CS_16,target,CS,H,0.703099355,0.75,0.008016299,11,14,0.785714286,0,1,0.4616
Scan_8103,1022.6753_EVLIDLV_CS_15,target,CS,H,0.523759028,0.916666667,0.009026875,13,14,0.928571429,0.3,1,0.4614
Scan_8103,1022.6753_EVLLDLV_CS_15,target,CS,H,0.523759028,0.916666667,0.009026875,13,14,0.928571429,0.3,1,0.4614
Scan_6739,980.6283_EILVDLI_CS_11,target,CS,H,0.695980301,0.666666667,0.047105283,11,14,0.785714286,0.3,1,0.4606
Scan_6739,980.6283_EILVDLL_CS_11,target,CS,H,0.695980301,0.666666667,0.047105283,11,14,0.785714286,0.3,1,0.4606
Scan_6739,980.6283_ELLVDLI_CS_11,target,CS,H,0.695980301,0.666666667,0.047105283,11,14,0.785714286,0.3,1,0.4606
Scan_6739,980.6283_ELLVDLL_CS_11,target,CS,H,0.695980301,0.666666667,0.047105283,11,14,0.785714286,0.3,1,0.4606
Scan_7800,1022.6753_EVLVDLI_CS_15,target,CS,NH4,0.684128961,0.75,0.023085948,11,14,0.785714286,0,0.7,0.4589
Scan_7800,1022.6753_EVLVDLL_CS_15,target,CS,NH4,0.684128961,0.75,0.023085948,11,14,0.785714286,0,0.7,0.4589
Scan_7304,980.6283_EILVDLV_CS_12,target,CS,H,0.838588284,0.5,0.035276793,10,14,0.714285714,0.3,1,0.4573
Scan_7304,980.6283_ELLVDLV_CS_12,target,CS,H,0.838588284,0.5,0.035276793,10,14,0.714285714,0.3,1,0.4573
Scan_8356,1050.7066_EILIDLV_CS_16,target,CS,NH4,0.646921637,0.666666667,0.088485679,11,14,0.785714286,0.3,0.7,0.4568
Scan_8356,1050.7066_EILLDLV_CS_16,target,CS,NH4,0.646921637,0.666666667,0.088485679,11,14,0.785714286,0.3,0.7,0.4568
Scan_8356,1050.7066_ELLIDLV_CS_16,target,CS,NH4,0.646921637,0.666666667,0.088485679,11,14,0.785714286,0.3,0.7,0.4568
Scan_8356,1050.7066_ELLLDLV_CS_16,target,CS,NH4,0.646921637,0.666666667,0.088485679,11,14,0.785714286,0.3,0.7,0.4568
Scan_4292,1086.5905_DYNQSNP_ITU_17,target,ITU,H,0.617160315,0.666666667,0.10184853,10,14,0.714285714,0.3,1,0.4509
Scan_7062,980.6283_EVLADLI_CS_14,target,CS,H,0.790479008,0.583333333,0.0110842,10,14,0.714285714,0,1,0.4452
Scan_7062,980.6283_EVLADLL_CS_14,target,CS,H,0.790479008,0.583333333,0.0110842,10,14,0.714285714,0,1,0.4452
Scan_6539,966.6127_EVLVDLI_CS_11,target,CS,H,0.774525831,0.583333333,0.019317773,10,14,0.714285714,0,1,0.4427
Scan_6539,966.6127_EVLVDLL_CS_11,target,CS,H,0.774525831,0.583333333,0.019317773,10,14,0.714285714,0,1,0.4427
Scan_8691,1078.7379_EVLIDLI_CS_18,target,CS,H,0.619918161,0.75,0.024436517,11,14,0.785714286,0,1,0.4397
Scan_8691,1078.7379_EVLIDLL_CS_18,target,CS,H,0.619918161,0.75,0.024436517,11,14,0.785714286,0,1,0.4397
Scan_8691,1078.7379_EVLLDLI_CS_18,target,CS,H,0.619918161,0.75,0.024436517,11,14,0.785714286,0,1,0.4397
Scan_8691,1078.7379_EVLLDLL_CS_18,target,CS,H,0.619918161,0.75,0.024436517,11,14,0.785714286,0,1,0.4397
Scan_5369,1477.8194_EOYSEAPQYI_1_CF_18,target,CF,H,0.565489402,0.166666667,0.57447843,6,20,0.3,0,1,0.4376
Scan_7099,994.644_EILIDLI_CS_11,target,CS,H,0.776872423,0.583333333,0.006928637,9,14,0.642857143,0,1,0.4373
Scan_7099,994.644_EILIDLL_CS_11,target,CS,H,0.776872423,0.583333333,0.006928637,9,14,0.642857143,0,1,0.4373
Scan_7099,994.644_EILLDLI_CS_11,target,CS,H,0.776872423,0.583333333,0.006928637,9,14,0.642857143,0,1,0.4373
Scan_7099,994.644_EILLDLL_CS_11,target,CS,H,0.776872423,0.583333333,0.006928637,9,14,0.642857143,0,1,0.4373
Scan_7099,994.644_ELLIDLI_CS_11,target,CS,H,0.776872423,0.583333333,0.006928637,9,14,0.642857143,0,1,0.4373
Scan_7099,994.644_ELLIDLL_CS_11,target,CS,H,0.776872423,0.583333333,0.006928637,9,14,0.642857143,0,1,0.4373
Scan_7099,994.644_ELLLDLI_CS_11,target,CS,H,0.776872423,0.583333333,0.006928637,9,14,0.642857143,0,1,0.4373
Scan_7099,994.644_ELLLDLL_CS_11,target,CS,H,0.776872423,0.583333333,0.006928637,9,14,0.642857143,0,1,0.4373
Scan_3809,1042.553_DYNPESP_ITU_15,target,ITU,H2O_add,0.740970574,0.166666667,0.386856764,4,14,0.285714286,0,0.9,0.4316
Scan_3512,1058.5592_DYNSQNP_ITU_15,target,ITU,H,0.64716848,0.583333333,0.110616817,10,14,0.714285714,0,1,0.4313
Scan_9570,1036.6909_EVLVDLI_CS_16,target,CS,H,0.588862614,0.75,0.025974742,11,14,0.785714286,0,1,0.4299
Scan_9570,1036.6909_EVLVDLL_CS_16,target,CS,H,0.588862614,0.75,0.025974742,11,14,0.785714286,0,1,0.4299
Scan_6539,966.6127_EILIDLV_CS_10,target,CS,H,0.731480753,0.5,0.053239065,9,14,0.642857143,0.3,1,0.426
Scan_6539,966.6127_EILLDLV_CS_10,target,CS,H,0.731480753,0.5,0.053239065,9,14,0.642857143,0.3,1,0.426
Scan_6539,966.6127_ELLIDLV_CS_10,target,CS,H,0.731480753,0.5,0.053239065,9,14,0.642857143,0.3,1,0.426
Scan_6539,966.6127_ELLLDLV_CS_10,target,CS,H,0.731480753,0.5,0.053239065,9,14,0.642857143,0.3,1,0.426
