"Sample_Source","LP_Type","FA_Details","AA_Sequence","Observed_MZ","Scan_Count","Max_Intensity","Total_Abundance","Abundance_in_Type"
"LP","CF",14,"EOYIYQPVET",1463.7938,1,170242639.0234,170242639.0234,0.016798839859901
"LP","CF",14,"EOYTEVPQYI",1463.7938,1,170242639.0234,170242639.0234,0.016798839859901
"LP","CF",15,"EOYIYQPAET",1449.7802,1,164990498.2516,164990498.2516,0.0162805803201449
"LP","CF",15,"EOYIYQPVET",1477.8104,1,762030536.5474,762030536.5474,0.0751940232203206
"LP","CF",15,"EOYTEAPQYI",1449.7802,1,164990498.2516,164990498.2516,0.0162805803201449
"LP","CF",15,"EOYTEVPQYI",1477.8104,1,762030536.5474,762030536.5474,0.0751940232203206
"LP","CF",16,"EOYIYQPAET",1463.7942,1,244915382.7273,244915382.7273,0.0241672375220685
"LP","CF",16,"EOYIYQPVET",1491.8258,1,85461686.92578,85461686.92578,0.00843300597934128
"LP","CF",16,"EOYTEVPQYI",1491.824,1,391813832.875,391813832.875,0.0386625693252818
"LP","CF",16,"EOYVYQPVET",1477.8103,1,322647805.4059,322647805.4059,0.0318375516571804
"LP","CF",17,"EOYIYQPAET",1477.8093,1,1557425237.631,1557425237.631,0.153680284274348
"LP","CF",17,"EOYIYQPVES",1491.827,1,170188579.8159,170188579.8159,0.016793505520778
"LP","CF",17,"EOYSEVPQYI",1491.827,1,170188579.8159,170188579.8159,0.016793505520778
"LP","CF",17,"EOYTEAPQYI",1477.8093,1,1557425237.631,1557425237.631,0.153680284274348
"LP","CF",17,"EOYTEAPQYV",1463.7942,1,244915382.7273,244915382.7273,0.0241672375220685
"LP","CF",17,"EOYTEVPQYV",1491.8251,2,391813832.875,540005487.4414,0.0532855091946088
"LP","CF",17,"EOYVYQPAET",1463.7947,1,165031329.6426,165031329.6426,0.0162846093930176
"LP","CF",17,"EOYVYQPVES",1477.8093,1,1557425237.631,1557425237.631,0.153680284274348
"LP","CF",17,"EOYVYQPVET",1491.827,1,170188579.8159,170188579.8159,0.016793505520778
"LP","CF",18,"EOYSEAPQYI",1477.8104,1,762030536.5474,762030536.5474,0.0751940232203206
"LP","CS",10,"EILIDLI",980.6216,1,53025153.19092,53025153.19092,0.000673126635115033
"LP","CS",10,"EILIDLL",980.6216,1,53025153.19092,53025153.19092,0.000673126635115033
"LP","CS",10,"EILIDLV",966.6081,1,79823137.58789,79823137.58789,0.00101331305570017
"LP","CS",10,"EILLDLI",980.6216,1,53025153.19092,53025153.19092,0.000673126635115033
"LP","CS",10,"EILLDLL",980.6216,1,53025153.19092,53025153.19092,0.000673126635115033
"LP","CS",10,"EILLDLV",966.6081,1,79823137.58789,79823137.58789,0.00101331305570017
"LP","CS",10,"EILVDLI",966.6081,1,79823137.58789,79823137.58789,0.00101331305570017
"LP","CS",10,"EILVDLL",966.6081,1,79823137.58789,79823137.58789,0.00101331305570017
"LP","CS",10,"ELLIDLI",980.6216,1,53025153.19092,53025153.19092,0.000673126635115033
"LP","CS",10,"ELLIDLL",980.6216,1,53025153.19092,53025153.19092,0.000673126635115033
"LP","CS",10,"ELLIDLV",966.6081,1,79823137.58789,79823137.58789,0.00101331305570017
"LP","CS",10,"ELLLDLI",980.6216,1,53025153.19092,53025153.19092,0.000673126635115033
"LP","CS",10,"ELLLDLL",980.6216,1,53025153.19092,53025153.19092,0.000673126635115033
"LP","CS",10,"ELLLDLV",966.6081,1,79823137.58789,79823137.58789,0.00101331305570017
"LP","CS",10,"ELLVDLI",966.6081,1,79823137.58789,79823137.58789,0.00101331305570017
"LP","CS",10,"ELLVDLL",966.6081,1,79823137.58789,79823137.58789,0.00101331305570017
"LP","CS",10,"EVLIDLI",966.6081,1,79823137.58789,79823137.58789,0.00101331305570017
"LP","CS",10,"EVLIDLL",966.6081,1,79823137.58789,79823137.58789,0.00101331305570017
"LP","CS",10,"EVLLDLI",966.6081,1,79823137.58789,79823137.58789,0.00101331305570017
"LP","CS",10,"EVLLDLL",966.6081,1,79823137.58789,79823137.58789,0.00101331305570017
"LP","CS",11,"EILIDLI",994.6376,1,64100225.39429,64100225.39429,0.000813718894397502
"LP","CS",11,"EILIDLL",994.6376,1,64100225.39429,64100225.39429,0.000813718894397502
"LP","CS",11,"EILIDLV",980.6216,1,53025153.19092,53025153.19092,0.000673126635115033
"LP","CS",11,"EILLDLI",994.6376,1,64100225.39429,64100225.39429,0.000813718894397502
"LP","CS",11,"EILLDLL",994.6376,1,64100225.39429,64100225.39429,0.000813718894397502
"LP","CS",11,"EILLDLV",980.6216,1,53025153.19092,53025153.19092,0.000673126635115033
"LP","CS",11,"EILVDLI",980.6216,1,53025153.19092,53025153.19092,0.000673126635115033
"LP","CS",11,"EILVDLL",980.6216,1,53025153.19092,53025153.19092,0.000673126635115033
"LP","CS",11,"ELLIDLI",994.6376,1,64100225.39429,64100225.39429,0.000813718894397502
"LP","CS",11,"ELLIDLL",994.6376,1,64100225.39429,64100225.39429,0.000813718894397502
"LP","CS",11,"ELLIDLV",980.6216,1,53025153.19092,53025153.19092,0.000673126635115033
"LP","CS",11,"ELLLDLI",994.6376,1,64100225.39429,64100225.39429,0.000813718894397502
"LP","CS",11,"ELLLDLL",994.6376,1,64100225.39429,64100225.39429,0.000813718894397502
"LP","CS",11,"ELLLDLV",980.6216,1,53025153.19092,53025153.19092,0.000673126635115033
"LP","CS",11,"ELLVDLI",980.6216,1,53025153.19092,53025153.19092,0.000673126635115033
"LP","CS",11,"ELLVDLL",980.6216,1,53025153.19092,53025153.19092,0.000673126635115033
"LP","CS",11,"EVLIDLI",980.6216,1,53025153.19092,53025153.19092,0.000673126635115033
"LP","CS",11,"EVLIDLL",980.6216,1,53025153.19092,53025153.19092,0.000673126635115033
"LP","CS",11,"EVLIDLV",966.6081,1,79823137.58789,79823137.58789,0.00101331305570017
"LP","CS",11,"EVLLDLI",980.6216,1,53025153.19092,53025153.19092,0.000673126635115033
"LP","CS",11,"EVLLDLL",980.6216,1,53025153.19092,53025153.19092,0.000673126635115033
"LP","CS",11,"EVLLDLV",966.6081,1,79823137.58789,79823137.58789,0.00101331305570017
"LP","CS",11,"EVLVDLI",966.6081,1,79823137.58789,79823137.58789,0.00101331305570017
"LP","CS",11,"EVLVDLL",966.6081,1,79823137.58789,79823137.58789,0.00101331305570017
"LP","CS",12,"EILADLI",966.6081,1,79823137.58789,79823137.58789,0.00101331305570017
"LP","CS",12,"EILADLL",966.6081,1,79823137.58789,79823137.58789,0.00101331305570017
"LP","CS",12,"EILIDLI",1008.6533,1,464441087.5693,464441087.5693,0.00589583712015043
"LP","CS",12,"EILIDLL",1008.6533,1,464441087.5693,464441087.5693,0.00589583712015043
"LP","CS",12,"EILIDLV",994.6376,1,64100225.39429,64100225.39429,0.000813718894397502
"LP","CS",12,"EILLDLI",1008.6533,1,464441087.5693,464441087.5693,0.00589583712015043
"LP","CS",12,"EILLDLL",1008.6533,1,464441087.5693,464441087.5693,0.00589583712015043
"LP","CS",12,"EILLDLV",994.6376,1,64100225.39429,64100225.39429,0.000813718894397502
"LP","CS",12,"EILVDLI",994.6376,1,64100225.39429,64100225.39429,0.000813718894397502
"LP","CS",12,"EILVDLL",994.6376,1,64100225.39429,64100225.39429,0.000813718894397502
"LP","CS",12,"EILVDLV",980.6229,1,82041523.11426,82041523.11426,0.00104147430172952
"LP","CS",12,"ELLADLI",966.6081,1,79823137.58789,79823137.58789,0.00101331305570017
"LP","CS",12,"ELLADLL",966.6081,1,79823137.58789,79823137.58789,0.00101331305570017
"LP","CS",12,"ELLIDLI",1008.6533,1,464441087.5693,464441087.5693,0.00589583712015043
"LP","CS",12,"ELLIDLL",1008.6533,1,464441087.5693,464441087.5693,0.00589583712015043
"LP","CS",12,"ELLIDLV",994.6376,1,64100225.39429,64100225.39429,0.000813718894397502
"LP","CS",12,"ELLLDLI",1008.6533,1,464441087.5693,464441087.5693,0.00589583712015043
"LP","CS",12,"ELLLDLL",1008.6533,1,464441087.5693,464441087.5693,0.00589583712015043
"LP","CS",12,"ELLLDLV",994.6376,1,64100225.39429,64100225.39429,0.000813718894397502
"LP","CS",12,"ELLVDLI",994.6376,1,64100225.39429,64100225.39429,0.000813718894397502
"LP","CS",12,"ELLVDLL",994.6376,1,64100225.39429,64100225.39429,0.000813718894397502
"LP","CS",12,"ELLVDLV",980.6229,1,82041523.11426,82041523.11426,0.00104147430172952
"LP","CS",12,"EVLIDLI",994.6376,1,64100225.39429,64100225.39429,0.000813718894397502
"LP","CS",12,"EVLIDLL",994.6376,1,64100225.39429,64100225.39429,0.000813718894397502
"LP","CS",12,"EVLIDLV",980.6216,1,53025153.19092,53025153.19092,0.000673126635115033
"LP","CS",12,"EVLLDLI",994.6376,1,64100225.39429,64100225.39429,0.000813718894397502
"LP","CS",12,"EVLLDLL",994.6376,1,64100225.39429,64100225.39429,0.000813718894397502
"LP","CS",12,"EVLLDLV",980.6216,1,53025153.19092,53025153.19092,0.000673126635115033
"LP","CS",12,"EVLVDLI",980.6216,1,53025153.19092,53025153.19092,0.000673126635115033
"LP","CS",12,"EVLVDLL",980.6216,1,53025153.19092,53025153.19092,0.000673126635115033
"LP","CS",13,"EILADLI",980.6215,1,54133866.83594,54133866.83594,0.000687201175974751
"LP","CS",13,"EILADLL",980.6215,1,54133866.83594,54133866.83594,0.000687201175974751
"LP","CS",13,"EILIDLI",1022.6684,1,1050483591.48,1050483591.48,0.0133353407321711
"LP","CS",13,"EILIDLL",1022.6684,1,1050483591.48,1050483591.48,0.0133353407321711
"LP","CS",13,"EILIDLV",1008.6533,1,347784297.8906,347784297.8906,0.0044149400821539
"LP","CS",13,"EILLDLI",1022.6684,1,1050483591.48,1050483591.48,0.0133353407321711
"LP","CS",13,"EILLDLL",1022.6684,1,1050483591.48,1050483591.48,0.0133353407321711
"LP","CS",13,"EILLDLV",1008.6533,1,347784297.8906,347784297.8906,0.0044149400821539
"LP","CS",13,"EILVDLI",1025.6765,1,38932028.39844,38932028.39844,0.00049422177395109
"LP","CS",13,"EILVDLL",1025.6765,1,38932028.39844,38932028.39844,0.00049422177395109
"LP","CS",13,"EILVDLV",994.6381,1,978668965.532,978668965.532,0.0124236915504635
"LP","CS",13,"ELLADLI",980.6215,1,54133866.83594,54133866.83594,0.000687201175974751
"LP","CS",13,"ELLADLL",980.6215,1,54133866.83594,54133866.83594,0.000687201175974751
"LP","CS",13,"ELLIDLI",1022.6684,1,1050483591.48,1050483591.48,0.0133353407321711
"LP","CS",13,"ELLIDLL",1022.6684,1,1050483591.48,1050483591.48,0.0133353407321711
"LP","CS",13,"ELLIDLV",1008.6533,1,347784297.8906,347784297.8906,0.0044149400821539
"LP","CS",13,"ELLLDLI",1022.6684,1,1050483591.48,1050483591.48,0.0133353407321711
"LP","CS",13,"ELLLDLL",1022.6684,1,1050483591.48,1050483591.48,0.0133353407321711
"LP","CS",13,"ELLLDLV",1008.6533,1,347784297.8906,347784297.8906,0.0044149400821539
"LP","CS",13,"ELLVDLI",1025.6765,1,38932028.39844,38932028.39844,0.00049422177395109
"LP","CS",13,"ELLVDLL",1025.6765,1,38932028.39844,38932028.39844,0.00049422177395109
"LP","CS",13,"ELLVDLV",994.6381,1,978668965.532,978668965.532,0.0124236915504635
"LP","CS",13,"EVLADLI",966.6081,1,79823137.58789,79823137.58789,0.00101331305570017
"LP","CS",13,"EVLADLL",966.6081,1,79823137.58789,79823137.58789,0.00101331305570017
"LP","CS",13,"EVLIDLI",1008.6533,1,464441087.5693,464441087.5693,0.00589583712015043
"LP","CS",13,"EVLIDLL",1008.6533,1,464441087.5693,464441087.5693,0.00589583712015043
"LP","CS",13,"EVLIDLV",994.6388,1,244360595.7227,244360595.7227,0.00310203018105928
"LP","CS",13,"EVLLDLI",1008.6533,1,464441087.5693,464441087.5693,0.00589583712015043
"LP","CS",13,"EVLLDLL",1008.6533,1,464441087.5693,464441087.5693,0.00589583712015043
"LP","CS",13,"EVLLDLV",994.6388,1,244360595.7227,244360595.7227,0.00310203018105928
"LP","CS",13,"EVLVDLI",994.6376,1,64100225.39429,64100225.39429,0.000813718894397502
"LP","CS",13,"EVLVDLL",994.6376,1,64100225.39429,64100225.39429,0.000813718894397502
"LP","CS",13,"EVLVDLV",980.6229,1,82041523.11426,82041523.11426,0.00104147430172952
"LP","CS",14,"EILADLI",994.6376,1,64100225.39429,64100225.39429,0.000813718894397502
"LP","CS",14,"EILADLL",994.6376,1,64100225.39429,64100225.39429,0.000813718894397502
"LP","CS",14,"EILADLV",980.6216,1,53025153.19092,53025153.19092,0.000673126635115033
"LP","CS",14,"EILIDLI",1036.6825,1,589303567.2893,589303567.2893,0.0074809011089978
"LP","CS",14,"EILIDLL",1036.6825,1,589303567.2893,589303567.2893,0.0074809011089978
"LP","CS",14,"EILIDLV",1022.6696,1,1010742099.199,1010742099.199,0.0128308432368552
"LP","CS",14,"EILLDLI",1036.6825,1,589303567.2893,589303567.2893,0.0074809011089978
"LP","CS",14,"EILLDLL",1036.6825,1,589303567.2893,589303567.2893,0.0074809011089978
"LP","CS",14,"EILLDLV",1022.6696,1,1010742099.199,1010742099.199,0.0128308432368552
"LP","CS",14,"EILVDLI",1039.6932,1,65943367.84961,65943367.84961,0.000837116625555771
"LP","CS",14,"EILVDLL",1039.6932,1,65943367.84961,65943367.84961,0.000837116625555771
"LP","CS",14,"EILVDLV",1008.6533,1,347784297.8906,347784297.8906,0.0044149400821539
"LP","CS",14,"ELLADLI",994.6376,1,64100225.39429,64100225.39429,0.000813718894397502
"LP","CS",14,"ELLADLL",994.6376,1,64100225.39429,64100225.39429,0.000813718894397502
"LP","CS",14,"ELLADLV",980.6216,1,53025153.19092,53025153.19092,0.000673126635115033
"LP","CS",14,"ELLIDLI",1036.6825,1,589303567.2893,589303567.2893,0.0074809011089978
"LP","CS",14,"ELLIDLL",1036.6825,1,589303567.2893,589303567.2893,0.0074809011089978
"LP","CS",14,"ELLIDLV",1022.6696,1,1010742099.199,1010742099.199,0.0128308432368552
"LP","CS",14,"ELLLDLI",1036.6825,1,589303567.2893,589303567.2893,0.0074809011089978
"LP","CS",14,"ELLLDLL",1036.6825,1,589303567.2893,589303567.2893,0.0074809011089978
"LP","CS",14,"ELLLDLV",1022.6696,1,1010742099.199,1010742099.199,0.0128308432368552
"LP","CS",14,"ELLVDLI",1039.6932,1,65943367.84961,65943367.84961,0.000837116625555771
"LP","CS",14,"ELLVDLL",1039.6932,1,65943367.84961,65943367.84961,0.000837116625555771
"LP","CS",14,"ELLVDLV",1008.6533,1,347784297.8906,347784297.8906,0.0044149400821539
"LP","CS",14,"EVLADLI",980.6215,1,54133866.83594,54133866.83594,0.000687201175974751
"LP","CS",14,"EVLADLL",980.6215,1,54133866.83594,54133866.83594,0.000687201175974751
"LP","CS",14,"EVLIDLI",1039.6932,1,65943367.84961,65943367.84961,0.000837116625555771
"LP","CS",14,"EVLIDLL",1039.6932,1,65943367.84961,65943367.84961,0.000837116625555771
"LP","CS",14,"EVLIDLV",1008.6533,1,347784297.8906,347784297.8906,0.0044149400821539
"LP","CS",14,"EVLLDLI",1039.6932,1,65943367.84961,65943367.84961,0.000837116625555771
"LP","CS",14,"EVLLDLL",1039.6932,1,65943367.84961,65943367.84961,0.000837116625555771
"LP","CS",14,"EVLLDLV",1008.6533,1,347784297.8906,347784297.8906,0.0044149400821539
"LP","CS",14,"EVLVDLV",994.6379,1,111413719.8672,111413719.8672,0.00141433900416717
"LP","CS",15,"EILADLI",1008.6538,1,2583293286.936,2583293286.936,0.0327935595299373
"LP","CS",15,"EILADLL",1008.6538,1,2583293286.936,2583293286.936,0.0327935595299373
"LP","CS",15,"EILADLV",994.6388,1,244360595.7227,244360595.7227,0.00310203018105928
"LP","CS",15,"EILIDLI",1067.7244,1,63322631.39453,63322631.39453,0.000803847744555473
"LP","CS",15,"EILIDLL",1067.7244,1,63322631.39453,63322631.39453,0.000803847744555473
"LP","CS",15,"EILIDLV",1053.7095,1,77825050.11523,77825050.11523,0.000987948378444178
"LP","CS",15,"EILLDLI",1067.7244,1,63322631.39453,63322631.39453,0.000803847744555473
"LP","CS",15,"EILLDLL",1067.7244,1,63322631.39453,63322631.39453,0.000803847744555473
"LP","CS",15,"EILLDLV",1053.7095,1,77825050.11523,77825050.11523,0.000987948378444178
"LP","CS",15,"EILVDLI",1036.6842,1,264259242.2881,264259242.2881,0.0033546331100444
"LP","CS",15,"EILVDLL",1036.6842,1,264259242.2881,264259242.2881,0.0033546331100444
"LP","CS",15,"EILVDLV",1022.6696,1,1010742099.199,1010742099.199,0.0128308432368552
"LP","CS",15,"ELLADLI",1008.6538,1,2583293286.936,2583293286.936,0.0327935595299373
"LP","CS",15,"ELLADLL",1008.6538,1,2583293286.936,2583293286.936,0.0327935595299373
"LP","CS",15,"ELLADLV",994.6388,1,244360595.7227,244360595.7227,0.00310203018105928
"LP","CS",15,"ELLIDLI",1067.7244,1,63322631.39453,63322631.39453,0.000803847744555473
"LP","CS",15,"ELLIDLL",1067.7244,1,63322631.39453,63322631.39453,0.000803847744555473
"LP","CS",15,"ELLIDLV",1053.7095,1,77825050.11523,77825050.11523,0.000987948378444178
"LP","CS",15,"ELLLDLI",1067.7244,1,63322631.39453,63322631.39453,0.000803847744555473
"LP","CS",15,"ELLLDLL",1067.7244,1,63322631.39453,63322631.39453,0.000803847744555473
"LP","CS",15,"ELLLDLV",1053.7095,1,77825050.11523,77825050.11523,0.000987948378444178
"LP","CS",15,"ELLVDLI",1036.6842,1,264259242.2881,264259242.2881,0.0033546331100444
"LP","CS",15,"ELLVDLL",1036.6842,1,264259242.2881,264259242.2881,0.0033546331100444
"LP","CS",15,"ELLVDLV",1022.6696,1,1010742099.199,1010742099.199,0.0128308432368552
"LP","CS",15,"EVLADLI",994.6376,1,64100225.39429,64100225.39429,0.000813718894397502
"LP","CS",15,"EVLADLL",994.6376,1,64100225.39429,64100225.39429,0.000813718894397502
"LP","CS",15,"EVLIDLI",1036.6825,1,589303567.2893,589303567.2893,0.0074809011089978
"LP","CS",15,"EVLIDLL",1036.6825,1,589303567.2893,589303567.2893,0.0074809011089978
"LP","CS",15,"EVLIDLV",1022.6696,1,1010742099.199,1010742099.199,0.0128308432368552
"LP","CS",15,"EVLLDLI",1036.6825,1,589303567.2893,589303567.2893,0.0074809011089978
"LP","CS",15,"EVLLDLL",1036.6825,1,589303567.2893,589303567.2893,0.0074809011089978
"LP","CS",15,"EVLLDLV",1022.6696,1,1010742099.199,1010742099.199,0.0128308432368552
"LP","CS",15,"EVLVDLI",1039.6932,1,65943367.84961,65943367.84961,0.000837116625555771
"LP","CS",15,"EVLVDLL",1039.6932,1,65943367.84961,65943367.84961,0.000837116625555771
"LP","CS",15,"EVLVDLV",1008.6533,1,347784297.8906,347784297.8906,0.0044149400821539
"LP","CS",16,"EILADLI",1039.6932,1,65943367.84961,65943367.84961,0.000837116625555771
"LP","CS",16,"EILADLL",1039.6932,1,65943367.84961,65943367.84961,0.000837116625555771
"LP","CS",16,"EILADLV",1008.6533,1,347784297.8906,347784297.8906,0.0044149400821539
"LP","CS",16,"EILIDLI",1064.7148,1,208554873.2686,208554873.2686,0.0026474952288148
"LP","CS",16,"EILIDLL",1064.7148,1,208554873.2686,208554873.2686,0.0026474952288148
"LP","CS",16,"EILIDLV",1067.7239,1,266894599.5078,266894599.5078,0.00338808759401799
"LP","CS",16,"EILLDLI",1064.7148,1,208554873.2686,208554873.2686,0.0026474952288148
"LP","CS",16,"EILLDLL",1064.7148,1,208554873.2686,208554873.2686,0.0026474952288148
"LP","CS",16,"EILLDLV",1067.7239,1,266894599.5078,266894599.5078,0.00338808759401799
"LP","CS",16,"EILVDLI",1067.7239,1,266894599.5078,266894599.5078,0.00338808759401799
"LP","CS",16,"EILVDLL",1067.7239,1,266894599.5078,266894599.5078,0.00338808759401799
"LP","CS",16,"EILVDLV",1053.7095,1,77825050.11523,77825050.11523,0.000987948378444178
"LP","CS",16,"ELLADLI",1039.6932,1,65943367.84961,65943367.84961,0.000837116625555771
"LP","CS",16,"ELLADLL",1039.6932,1,65943367.84961,65943367.84961,0.000837116625555771
"LP","CS",16,"ELLADLV",1008.6533,1,347784297.8906,347784297.8906,0.0044149400821539
"LP","CS",16,"ELLIDLI",1064.7148,1,208554873.2686,208554873.2686,0.0026474952288148
"LP","CS",16,"ELLIDLL",1064.7148,1,208554873.2686,208554873.2686,0.0026474952288148
"LP","CS",16,"ELLIDLV",1067.7239,1,266894599.5078,266894599.5078,0.00338808759401799
"LP","CS",16,"ELLLDLI",1064.7148,1,208554873.2686,208554873.2686,0.0026474952288148
"LP","CS",16,"ELLLDLL",1064.7148,1,208554873.2686,208554873.2686,0.0026474952288148
"LP","CS",16,"ELLLDLV",1067.7239,1,266894599.5078,266894599.5078,0.00338808759401799
"LP","CS",16,"ELLVDLI",1067.7239,1,266894599.5078,266894599.5078,0.00338808759401799
"LP","CS",16,"ELLVDLL",1067.7239,1,266894599.5078,266894599.5078,0.00338808759401799
"LP","CS",16,"ELLVDLV",1053.7095,1,77825050.11523,77825050.11523,0.000987948378444178
"LP","CS",16,"EVLADLI",1008.6538,1,2583293286.936,2583293286.936,0.0327935595299373
"LP","CS",16,"EVLADLL",1008.6538,1,2583293286.936,2583293286.936,0.0327935595299373
"LP","CS",16,"EVLADLV",994.6388,1,244360595.7227,244360595.7227,0.00310203018105928
"LP","CS",16,"EVLIDLI",1067.7244,1,63322631.39453,63322631.39453,0.000803847744555473
"LP","CS",16,"EVLIDLL",1067.7244,1,63322631.39453,63322631.39453,0.000803847744555473
"LP","CS",16,"EVLIDLV",1053.7095,1,77825050.11523,77825050.11523,0.000987948378444178
"LP","CS",16,"EVLLDLI",1067.7244,1,63322631.39453,63322631.39453,0.000803847744555473
"LP","CS",16,"EVLLDLL",1067.7244,1,63322631.39453,63322631.39453,0.000803847744555473
"LP","CS",16,"EVLLDLV",1053.7095,1,77825050.11523,77825050.11523,0.000987948378444178
"LP","CS",16,"EVLVDLI",1036.6842,1,264259242.2881,264259242.2881,0.0033546331100444
"LP","CS",16,"EVLVDLL",1036.6842,1,264259242.2881,264259242.2881,0.0033546331100444
"LP","CS",16,"EVLVDLV",1022.6696,1,1010742099.199,1010742099.199,0.0128308432368552
"LP","CS",17,"EILADLI",1036.6842,1,264259242.2881,264259242.2881,0.0033546331100444
"LP","CS",17,"EILADLL",1036.6842,1,264259242.2881,264259242.2881,0.0033546331100444
"LP","CS",17,"EILADLV",1022.6696,1,1010742099.199,1010742099.199,0.0128308432368552
"LP","CS",17,"EILIDLI",1078.7304,1,115076610.4219,115076610.4219,0.00146083748734933
"LP","CS",17,"EILIDLL",1078.7304,1,115076610.4219,115076610.4219,0.00146083748734933
"LP","CS",17,"EILIDLV",1081.741,1,34779301.93359,34779301.93359,0.000441505079634849
"LP","CS",17,"EILLDLI",1078.7304,1,115076610.4219,115076610.4219,0.00146083748734933
"LP","CS",17,"EILLDLL",1078.7304,1,115076610.4219,115076610.4219,0.00146083748734933
"LP","CS",17,"EILLDLV",1081.741,1,34779301.93359,34779301.93359,0.000441505079634849
"LP","CS",17,"EILVDLI",1081.741,1,34779301.93359,34779301.93359,0.000441505079634849
"LP","CS",17,"EILVDLL",1081.741,1,34779301.93359,34779301.93359,0.000441505079634849
"LP","CS",17,"EILVDLV",1050.6997,1,566401505.29,566401505.29,0.00719017138917448
"LP","CS",17,"ELLADLI",1036.6842,1,264259242.2881,264259242.2881,0.0033546331100444
"LP","CS",17,"ELLADLL",1036.6842,1,264259242.2881,264259242.2881,0.0033546331100444
"LP","CS",17,"ELLADLV",1022.6696,1,1010742099.199,1010742099.199,0.0128308432368552
"LP","CS",17,"ELLIDLI",1078.7304,1,115076610.4219,115076610.4219,0.00146083748734933
"LP","CS",17,"ELLIDLL",1078.7304,1,115076610.4219,115076610.4219,0.00146083748734933
"LP","CS",17,"ELLIDLV",1081.741,1,34779301.93359,34779301.93359,0.000441505079634849
"LP","CS",17,"ELLLDLI",1078.7304,1,115076610.4219,115076610.4219,0.00146083748734933
"LP","CS",17,"ELLLDLL",1078.7304,1,115076610.4219,115076610.4219,0.00146083748734933
"LP","CS",17,"ELLLDLV",1081.741,1,34779301.93359,34779301.93359,0.000441505079634849
"LP","CS",17,"ELLVDLI",1081.741,1,34779301.93359,34779301.93359,0.000441505079634849
"LP","CS",17,"ELLVDLL",1081.741,1,34779301.93359,34779301.93359,0.000441505079634849
"LP","CS",17,"ELLVDLV",1050.6997,1,566401505.29,566401505.29,0.00719017138917448
"LP","CS",17,"EVLADLI",1039.6932,1,65943367.84961,65943367.84961,0.000837116625555771
"LP","CS",17,"EVLADLL",1039.6932,1,65943367.84961,65943367.84961,0.000837116625555771
"LP","CS",17,"EVLADLV",1008.6533,1,347784297.8906,347784297.8906,0.0044149400821539
"LP","CS",17,"EVLIDLI",1064.7155,1,151207952.0464,151207952.0464,0.00191950600495498
"LP","CS",17,"EVLIDLL",1064.7155,1,151207952.0464,151207952.0464,0.00191950600495498
"LP","CS",17,"EVLIDLV",1067.7239,1,266894599.5078,266894599.5078,0.00338808759401799
"LP","CS",17,"EVLLDLI",1064.7155,1,151207952.0464,151207952.0464,0.00191950600495498
"LP","CS",17,"EVLLDLL",1064.7155,1,151207952.0464,151207952.0464,0.00191950600495498
"LP","CS",17,"EVLLDLV",1067.7239,1,266894599.5078,266894599.5078,0.00338808759401799
"LP","CS",17,"EVLVDLI",1067.7239,1,266894599.5078,266894599.5078,0.00338808759401799
"LP","CS",17,"EVLVDLL",1067.7239,1,266894599.5078,266894599.5078,0.00338808759401799
"LP","CS",17,"EVLVDLV",1053.7095,1,77825050.11523,77825050.11523,0.000987948378444178
"LP","CS",18,"EILADLI",1067.7244,1,63322631.39453,63322631.39453,0.000803847744555473
"LP","CS",18,"EILADLL",1067.7244,1,63322631.39453,63322631.39453,0.000803847744555473
"LP","CS",18,"EILADLV",1053.7095,1,77825050.11523,77825050.11523,0.000987948378444178
"LP","CS",18,"EILIDLI",1109.7706,1,75551660.57495,75551660.57495,0.000959088885176058
"LP","CS",18,"EILIDLL",1109.7706,1,75551660.57495,75551660.57495,0.000959088885176058
"LP","CS",18,"EILIDLV",1078.7315,1,66910110.87988,66910110.87988,0.000849388923584662
"LP","CS",18,"EILLDLI",1109.7706,1,75551660.57495,75551660.57495,0.000959088885176058
"LP","CS",18,"EILLDLL",1109.7706,1,75551660.57495,75551660.57495,0.000959088885176058
"LP","CS",18,"EILLDLV",1078.7315,1,66910110.87988,66910110.87988,0.000849388923584662
"LP","CS",18,"EILVDLI",1078.7315,1,66910110.87988,66910110.87988,0.000849388923584662
"LP","CS",18,"EILVDLL",1078.7315,1,66910110.87988,66910110.87988,0.000849388923584662
"LP","CS",18,"EILVDLV",1064.7155,1,151207952.0464,151207952.0464,0.00191950600495498
"LP","CS",18,"ELLADLI",1067.7244,1,63322631.39453,63322631.39453,0.000803847744555473
"LP","CS",18,"ELLADLL",1067.7244,1,63322631.39453,63322631.39453,0.000803847744555473
"LP","CS",18,"ELLADLV",1053.7095,1,77825050.11523,77825050.11523,0.000987948378444178
"LP","CS",18,"ELLIDLI",1109.7706,1,75551660.57495,75551660.57495,0.000959088885176058
"LP","CS",18,"ELLIDLL",1109.7706,1,75551660.57495,75551660.57495,0.000959088885176058
"LP","CS",18,"ELLIDLV",1078.7315,1,66910110.87988,66910110.87988,0.000849388923584662
"LP","CS",18,"ELLLDLI",1109.7706,1,75551660.57495,75551660.57495,0.000959088885176058
"LP","CS",18,"ELLLDLL",1109.7706,1,75551660.57495,75551660.57495,0.000959088885176058
"LP","CS",18,"ELLLDLV",1078.7315,1,66910110.87988,66910110.87988,0.000849388923584662
"LP","CS",18,"ELLVDLI",1078.7315,1,66910110.87988,66910110.87988,0.000849388923584662
"LP","CS",18,"ELLVDLL",1078.7315,1,66910110.87988,66910110.87988,0.000849388923584662
"LP","CS",18,"ELLVDLV",1064.7155,1,151207952.0464,151207952.0464,0.00191950600495498
"LP","CS",18,"EVLADLI",1036.6842,1,264259242.2881,264259242.2881,0.0033546331100444
"LP","CS",18,"EVLADLL",1036.6842,1,264259242.2881,264259242.2881,0.0033546331100444
"LP","CS",18,"EVLADLV",1022.6696,1,1010742099.199,1010742099.199,0.0128308432368552
"LP","CS",18,"EVLIDLI",1078.7304,1,115076610.4219,115076610.4219,0.00146083748734933
"LP","CS",18,"EVLIDLL",1078.7304,1,115076610.4219,115076610.4219,0.00146083748734933
"LP","CS",18,"EVLIDLV",1064.7155,1,151207952.0464,151207952.0464,0.00191950600495498
"LP","CS",18,"EVLLDLI",1078.7304,1,115076610.4219,115076610.4219,0.00146083748734933
"LP","CS",18,"EVLLDLL",1078.7304,1,115076610.4219,115076610.4219,0.00146083748734933
"LP","CS",18,"EVLLDLV",1064.7155,1,151207952.0464,151207952.0464,0.00191950600495498
"LP","CS",18,"EVLVDLI",1064.7155,1,151207952.0464,151207952.0464,0.00191950600495498
"LP","CS",18,"EVLVDLL",1064.7155,1,151207952.0464,151207952.0464,0.00191950600495498
"LP","CS",18,"EVLVDLV",1050.6997,1,566401505.29,566401505.29,0.00719017138917448
"LP","ITU",13,"DYNPENP",1058.5613,1,42430902.86292,42430902.86292,0.00589203475618635
"LP","ITU",13,"DYNPQNP",1058.5613,1,42430902.86292,42430902.86292,0.00589203475618635
"LP","ITU",13,"DYNQPNP",1058.5613,1,42430902.86292,42430902.86292,0.00589203475618635
"LP","ITU",13,"NYNPENP",1058.5613,1,42430902.86292,42430902.86292,0.00589203475618635
"LP","ITU",13,"NYNQQNP",1087.5956,1,97947120.48047,97947120.48047,0.0136011208623993
"LP","ITU",14,"DYNPESP",1046.5481,1,122941957.8027,122941957.8027,0.0170719508540115
"LP","ITU",14,"DYNPPNN",1058.5613,1,42430902.86292,42430902.86292,0.00589203475618635
"LP","ITU",14,"DYNPQNT",1058.5613,1,42430902.86292,42430902.86292,0.00589203475618635
"LP","ITU",14,"DYNQPNT",1058.5613,1,42430902.86292,42430902.86292,0.00589203475618635
"LP","ITU",14,"DYNQQSP",1058.5613,1,42430902.86292,42430902.86292,0.00589203475618635
"LP","ITU",14,"NYNPENT",1058.5613,1,42430902.86292,42430902.86292,0.00589203475618635
"LP","ITU",14,"NYNPESP",1044.5768,1,74284396.60791,74284396.60791,0.0103152706429593
"LP","ITU",14,"NYNQESP",1058.5613,1,42430902.86292,42430902.86292,0.00589203475618635
"LP","ITU",15,"DYNPENP",1086.5931,1,142922864.7773,142922864.7773,0.0198465370732774
"LP","ITU",15,"DYNPESP",1060.569,1,82293783.18262,82293783.18262,0.0114274690853631
"LP","ITU",15,"DYNPPNN",1072.5757,1,58833185.34753,58833185.34753,0.00816968646659962
"LP","ITU",15,"DYNPPNP",1059.5666,1,472544249.1479,472544249.1479,0.0656183807544793
"LP","ITU",15,"DYNPPNS",1044.5768,1,74284396.60791,74284396.60791,0.0103152706429593
"LP","ITU",15,"DYNPPSN",1044.5768,1,74284396.60791,74284396.60791,0.0103152706429593
"LP","ITU",15,"DYNPQNP",1086.5931,1,142922864.7773,142922864.7773,0.0198465370732774
"LP","ITU",15,"DYNPQNS",1058.5613,1,42430902.86292,42430902.86292,0.00589203475618635
"LP","ITU",15,"DYNPQSN",1058.5613,1,42430902.86292,42430902.86292,0.00589203475618635
"LP","ITU",15,"DYNPQSP",1063.5587,1,726016390.0078,726016390.0078,0.100815997654039
"LP","ITU",15,"DYNPSNP",1044.5768,1,74284396.60791,74284396.60791,0.0103152706429593
"LP","ITU",15,"DYNQPNP",1086.5931,1,142922864.7773,142922864.7773,0.0198465370732774
"LP","ITU",15,"DYNQPNS",1058.5613,1,42430902.86292,42430902.86292,0.00589203475618635
"LP","ITU",15,"DYNQPSN",1058.5613,1,42430902.86292,42430902.86292,0.00589203475618635
"LP","ITU",15,"DYNQPSP",1063.5587,1,726016390.0078,726016390.0078,0.100815997654039
"LP","ITU",15,"DYNQPST",1063.582,1,59796572.00391,59796572.00391,0.00830346414466071
"LP","ITU",15,"DYNQQSP",1072.5757,1,58833185.34753,58833185.34753,0.00816968646659962
"LP","ITU",15,"DYNQQST",1058.5613,1,42430902.86292,42430902.86292,0.00589203475618635
"LP","ITU",15,"DYNQSNP",1058.5613,1,42430902.86292,42430902.86292,0.00589203475618635
"LP","ITU",15,"DYNSPNP",1044.5768,1,74284396.60791,74284396.60791,0.0103152706429593
"LP","ITU",15,"DYNSQNP",1058.5613,1,42430902.86292,42430902.86292,0.00589203475618635
"LP","ITU",15,"NYNPENP",1086.5931,1,142922864.7773,142922864.7773,0.0198465370732774
"LP","ITU",15,"NYNPENS",1058.5613,1,42430902.86292,42430902.86292,0.00589203475618635
"LP","ITU",15,"NYNPESN",1058.5613,1,42430902.86292,42430902.86292,0.00589203475618635
"LP","ITU",15,"NYNPESP",1063.5587,1,726016390.0078,726016390.0078,0.100815997654039
"LP","ITU",15,"NYNSENP",1058.5613,1,42430902.86292,42430902.86292,0.00589203475618635
"LP","ITU",16,"DYNPPNN",1086.5931,1,142922864.7773,142922864.7773,0.0198465370732774
"LP","ITU",16,"DYNQPNT",1086.5931,1,142922864.7773,142922864.7773,0.0198465370732774
"LP","ITU",16,"DYNQQSP",1086.5931,1,142922864.7773,142922864.7773,0.0198465370732774
"LP","ITU",16,"DYNSESP",1063.582,1,59796572.00391,59796572.00391,0.00830346414466071
"LP","ITU",16,"DYNSQSP",1062.582,1,75121531.10156,75121531.10156,0.0104315167089015
"LP","ITU",16,"NYNPENT",1086.5931,1,142922864.7773,142922864.7773,0.0198465370732774
"LP","ITU",16,"NYNPEST",1076.5991,1,111101036.8887,111101036.8887,0.0154276983667162
"LP","ITU",16,"NYNQESP",1086.5931,1,142922864.7773,142922864.7773,0.0198465370732774
"LP","ITU",16,"NYNSESP",1062.582,1,75121531.10156,75121531.10156,0.0104315167089015
"LP","ITU",17,"DYNPESP",1088.5988,1,99292003.85544,99292003.85544,0.0137878738903502
"LP","ITU",17,"DYNPQNS",1086.5931,1,142922864.7773,142922864.7773,0.0198465370732774
"LP","ITU",17,"DYNPQSN",1086.5931,1,142922864.7773,142922864.7773,0.0198465370732774
"LP","ITU",17,"DYNQPNS",1086.5931,1,142922864.7773,142922864.7773,0.0198465370732774
"LP","ITU",17,"DYNQPSN",1086.5931,1,142922864.7773,142922864.7773,0.0198465370732774
"LP","ITU",17,"DYNQQST",1086.5931,1,142922864.7773,142922864.7773,0.0198465370732774
"LP","ITU",17,"DYNQSNP",1086.5931,1,142922864.7773,142922864.7773,0.0198465370732774
"LP","ITU",17,"DYNSQNP",1086.5931,1,142922864.7773,142922864.7773,0.0198465370732774
"LP","ITU",17,"NYNSENP",1086.5931,1,142922864.7773,142922864.7773,0.0198465370732774
"LP","LF",14,"EOYTEVPQYV",1484.8181,1,143759396.8589,143759396.8589,0.229895829353175
"LP","LF",15,"EOYTEAPQYI",1484.8181,1,143759396.8589,143759396.8589,0.229895829353175
"LP","LF",16,"EOYSEAPQYI",1484.8181,1,143759396.8589,143759396.8589,0.229895829353175
"LP","LF",16,"EOYSEVPQYI",1495.8224,1,22619322.49329,22619322.49329,0.0361721599952574
"LP","LF",16,"EOYTEAPQYI",1481.8057,1,27667165.16797,27667165.16797,0.0442445225920407
"LP","LF",16,"EOYTEAPQYV",1484.8181,1,143759396.8589,143759396.8589,0.229895829353175
"LP","LS",13,"EILVDLI",1026.6797,1,97029832.14868,97029832.14868,0.166666666666667
"LP","LS",13,"EILVDLL",1026.6797,1,97029832.14868,97029832.14868,0.166666666666667
"LP","LS",13,"ELLVDLI",1026.6797,1,97029832.14868,97029832.14868,0.166666666666667
"LP","LS",13,"ELLVDLL",1026.6797,1,97029832.14868,97029832.14868,0.166666666666667
"LP","LS",14,"EVLVDLI",1026.6797,1,97029832.14868,97029832.14868,0.166666666666667
"LP","LS",14,"EVLVDLL",1026.6797,1,97029832.14868,97029832.14868,0.166666666666667
